Popular Articles	1
Popular Articles	2012 phenomenon
Popular Articles	Abraham Lincoln
Popular Articles	Adolf Hitler
Popular Articles	Australia
Popular Articles	Barack Obama
Popular Articles	Bleach (manga)
Popular Articles	Canada
Popular Articles	China
Popular Articles	Dexter (TV series)
Popular Articles	Doctor Who
Popular Articles	Elizabeth II
Popular Articles	Eminem
Popular Articles	Facebook
Popular Articles	Family Guy
Popular Articles	Favicon
Popular Articles	France
Popular Articles	Germany
Popular Articles	Glee (TV series)
Popular Articles	Google
Popular Articles	Gossip Girl
Popular Articles	Halloween (franchise)
Popular Articles	Harry Potter
Popular Articles	House (TV series)
Popular Articles	How I Met Your Mother
Popular Articles	HTTP 404
Popular Articles	Human penis size
Popular Articles	Hypertext Transfer Protocol
Popular Articles	India
Popular Articles	Initial
Popular Articles	Internet Movie Database
Popular Articles	Japan
Popular Articles	Jay-Z
Popular Articles	Johnny Depp
Popular Articles	Justin Bieber
Popular Articles	Katy Perry
Popular Articles	Kim Kardashian
Popular Articles	Lady Gaga
Popular Articles	Lil Wayne
Popular Articles	List of Presidents of the United States
Popular Articles	Lists of deaths by year
Popular Articles	Lost (TV series)
Popular Articles	Mark Zuckerberg
Popular Articles	Martin Luther King, Jr.
Popular Articles	Masturbation
Popular Articles	Michael Jackson
Popular Articles	Miley Cyrus
Popular Articles	Myspace
Popular Articles	Naruto
Popular Articles	New York City
Popular Articles	Nicki Minaj
Popular Articles	Pornography
Popular Articles	Rihanna
Popular Articles	RMS Titanic
Popular Articles	Russia
Popular Articles	Searching
Popular Articles	Selena Gomez
Popular Articles	September 11 attacks
Popular Articles	Sex
Popular Articles	Sex (disambiguation)
Popular Articles	Sex position
Popular Articles	Sexual intercourse
Popular Articles	Society for Education Action and Research in Community Health
Popular Articles	Steve Jobs
Popular Articles	Taylor Swift
Popular Articles	The Beatles
Popular Articles	The Beatles (album)
Popular Articles	The Big Bang Theory
Popular Articles	Tupac Shakur
Popular Articles	Undefined
Popular Articles	United Kingdom
Popular Articles	United States
Popular Articles	Vagina
Popular Articles	Webserver directory index
Popular Articles	Wiki
Popular Articles	Wikipedia
Popular Articles	William Shakespeare
Popular Articles	World War I
Popular Articles	World War II
Popular Articles	YouTube
